Workbook

Sheet 1. Readme & Instructions
A1: CardScan Contact Database & CRM Import Setup
A2: This workbook acts as the production-ready schema and data validation tool for managing contact exports from the CardScan Visiting Card Scanner application.
A4: Tab Name | B4: Purpose | C4: Action Needed
A5: 1. Readme & Instructions | B5: Overview, rules, and guidance on using this template. | C5: Read first before entering data.
A6: 2. Contact Database | B6: The core structured contact repository mapped to card scanner data. | C6: Insert your scanned card records here. Columns with light-grey background are calculated formulas.
A7: 3. CRM Field Mapping | B7: Ready-to-use export mapping for popular CRMs and mail providers. | C7: Refer to this to easily map CardScan output fields to Salesforce, HubSpot, or Google Contacts.
A8: 4. Dropdown Reference | B8: Source list for dropdown selections (Category, Industry, Status). | C8: Add custom dropdown choices here if you need to customize options.
A9: 5. Analytics Dashboard | B9: Calculates key database stats like total leads, data completeness, and distribution. | C9: Formulas update automatically as you add rows to the database.
A12: Data Integrity & Setup Guidelines:
A13: - Formula Integrity: The 'Full Name' field uses a formula =CLEAN(TRIM(B[Row] & " " & C[Row])). Do not edit this cell manually.
A14: - Validation Rules: Email and Website columns include validation input messages. Please ensure correct syntax.
A15: - Date Formatting: Maintain the YYYY-MM-DD standard for 'Scan Date' to prevent sorting and database synchronization issues.
A16: - Multi-Value Fields: For raw text details extracted from ML Kit OCR, place the full block inside the 'Raw OCR Text' column for compliance auditing.

Sheet 4. Dropdown Reference
A1: Dropdown Lists & Lookup Values
A2: Do not delete these columns. They are referenced for Data Validation dropdowns.
A4: Relationship Stage | B4: Industry Group | C4: Extraction Status
A5: Lead | B5: Technology | C5: Success
A6: Opportunity | B6: Healthcare/Medical | C6: Needs Review
A7: Client | B7: Finance/Banking | C7: Manual Verification Required
A8: Supplier/Vendor | B8: Education
A9: Partner | B9: Manufacturing
A10: Inbound Call | B10: Real Estate
A11: Junk/Unqualified | B11: Professional Services
B12: Retail/Commerce
B13: Other

Sheet 2. Contact Database
A1: CardScan Contact Database
A2: Master list of scanned visiting cards with structured CRM export fields.
A4: Card ID | B4: First Name | C4: Last Name | D4: Full Name (Formula) | E4: Job Title | F4: Company | G4: Email Address | H4: Mobile Phone | I4: Work Phone | J4: Website | K4: City | L4: State/Province | M4: Country | N4: Scan Date | O4: Relationship Stage | P4: Industry Group | Q4: Extraction Status | R4: Raw OCR Text
A5: 1001 | B5: Alice | C5: Smith | D5: =CLEAN(TRIM(B5 & " " & C5)) | E5: VP of Sales | F5: Apex Solutions | G5: alice.smith@apex.com | H5: +1-555-0199 | I5: +1-555-0100 | J5: www.apex.com | K5: San Francisco | L5: CA | M5: USA | N5: 2026-07-01 | O5: Lead | P5: Technology | Q5: Success | R5: APEX SOLUTIONS Alice Smith VP of Sales Office: 555-0100 Cell: 555-0199 alice.smith@apex.com www.apex.com
A6: 1002 | B6: Bob | C6: Jones | D6: =CLEAN(TRIM(B6 & " " & C6)) | E6: Founder & CEO | F6: Jones & Co LLC | G6: bob@jonesco.io | H6: +1-555-8833 | J6: jonesco.io | K6: Austin | L6: TX | M6: USA | N6: 2026-07-05 | O6: Opportunity | P6: Professional Services | Q6: Success | R6: JONES & CO LLC Bob Jones Founder & CEO Cell: 555-8833 bob@jonesco.io jonesco.io
A7: 1003 | B7: Carla | C7: Mendoza | D7: =CLEAN(TRIM(B7 & " " & C7)) | E7: Chief Medical Officer | F7: HealthFirst Group | G7: c.mendoza@healthfirst.org | H7: +1-555-2244 | I7: +1-555-2200 | J7: www.healthfirst.org | K7: Boston | L7: MA | M7: USA | N7: 2026-07-10 | O7: Client | P7: Healthcare/Medical | Q7: Needs Review | R7: HealthFirst Medical Group Dr. Carla Mendoza CMO c.mendoza@healthfirst.org Direct: 555-2244 Main: 555-2200
A8: 1004 | B8: David | C8: Lee | D8: =CLEAN(TRIM(B8 & " " & C8)) | E8: Purchasing Manager | F8: OmniCorp Ltd | G8: d.lee@omnicorp.co.uk | I8: +44-20-7946-0958 | J8: omnicorp.co.uk | K8: London | L8: Greater London | M8: UK | N8: 2026-07-12 | O8: Supplier/Vendor | P8: Manufacturing | Q8: Success | R8: OMNICORP LTD David Lee Purchasing Manager Phone: +44 20 7946 0958 d.lee@omnicorp.co.uk
D9: =IF(AND(ISBLANK(B9),ISBLANK(C9)), "", CLEAN(TRIM(B9 & " " & C9)))
D10: =IF(AND(ISBLANK(B10),ISBLANK(C10)), "", CLEAN(TRIM(B10 & " " & C10)))
D11: =IF(AND(ISBLANK(B11),ISBLANK(C11)), "", CLEAN(TRIM(B11 & " " & C11)))
D12: =IF(AND(ISBLANK(B12),ISBLANK(C12)), "", CLEAN(TRIM(B12 & " " & C12)))
D13: =IF(AND(ISBLANK(B13),ISBLANK(C13)), "", CLEAN(TRIM(B13 & " " & C13)))
D14: =IF(AND(ISBLANK(B14),ISBLANK(C14)), "", CLEAN(TRIM(B14 & " " & C14)))
D15: =IF(AND(ISBLANK(B15),ISBLANK(C15)), "", CLEAN(TRIM(B15 & " " & C15)))
D16: =IF(AND(ISBLANK(B16),ISBLANK(C16)), "", CLEAN(TRIM(B16 & " " & C16)))
D17: =IF(AND(ISBLANK(B17),ISBLANK(C17)), "", CLEAN(TRIM(B17 & " " & C17)))
D18: =IF(AND(ISBLANK(B18),ISBLANK(C18)), "", CLEAN(TRIM(B18 & " " & C18)))
D19: =IF(AND(ISBLANK(B19),ISBLANK(C19)), "", CLEAN(TRIM(B19 & " " & C19)))
D20: =IF(AND(ISBLANK(B20),ISBLANK(C20)), "", CLEAN(TRIM(B20 & " " & C20)))
... D50: =IF(AND(ISBLANK(B50),ISBLANK(C50)), "", CLEAN(TRIM(B50 & " " & C50)))

Sheet 3. CRM Field Mapping
A1: CRM & Contact Exporter Field Mapping Schema
A2: Reference instructions to map CardScan template columns into native CRM input structures.
A4: CardScan Export Column | B4: Salesforce Target Field | C4: HubSpot Target Field | D4: Google Contacts CSV Header | E4: Notes / Best Practices
A5: Card ID | B5: External ID / Card_ID__c | C5: N/A | D5: Notes (Prefixed) | E5: Unique identifier generated by CardScan.
A6: First Name | B6: FirstName | C6: firstname | D6: Given Name | E6: Split name field recommended for cleaner email sequences.
A7: Last Name | B7: LastName | C7: lastname | D7: Family Name | E7: Required field for Salesforce Lead creation.
A8: Full Name | B8: Name (calculated) | C8: N/A | D8: Name | E8: Formula-generated field. Avoid manual overriding.
A9: Job Title | B9: Title | C9: jobtitle | D9: Job Title | E9: Extracted job position.
A10: Company | B10: Company | C10: company | D10: Organization 1 - Name | E10: Required field for most CRM leads.
A11: Email Address | B11: Email | C11: email | D11: E-mail 1 - Value | E11: Primary communication link.
A12: Mobile Phone | B12: MobilePhone | C12: mobilephone | D12: Phone 1 - Value | E12: Prefer format with country codes (e.g. +1-...).
A13: Work Phone | B13: Phone | C13: phone | D13: Phone 2 - Value | E13: Office landline or direct extension.
A14: Website | B14: Website | C14: website | D14: Website 1 - Value | E14: Validate URL scheme before import.
A15: City | B15: City | C15: city | D15: Address 1 - City | E15: Location field for regional filtering.
... A21: Extraction Status | B21: N/A | C21: N/A | D21: N/A | E21: Internal system quality control flag.

Sheet 5. Analytics Dashboard
A1: Contact Database KPI Dashboard
A2: Real-time summary of contact imports, quality, and categorization stages.
A4: Key Performance Metric | B4: Value | C4: Goal / Status
A5: Total Scanned Cards | B5: =COUNTA('2. Contact Database'!$A$5:$A$50) - COUNTBLANK('2. Contact Database'!$A$5:$A$50) | C5: Active Database Size
A6: Structured Leads Count | B6: =COUNTIF('2. Contact Database'!$O$5:$O$50, "Lead") | C6: Sales Target Pipeline
A7: Pending Review Flags | B7: =COUNTIF('2. Contact Database'!$Q$5:$Q$50, "Needs Review") | C7: Data Quality Warning
A8: Missing Email Count | B8: =COUNTBLANK('2. Contact Database'!$G$5:$G$8) + COUNTIF('2. Contact Database'!$G$9:$G$50, "") | C8: Action Needed
A11: Relationship Stage Distribution
A12: Stage | B12: Count | C12: Percentage
A13: Lead | B13: =COUNTIF('2. Contact Database'!$O$5:$O$50, "Lead") | C13: =IF($B$5>0, B13/$B$5, 0)
A14: Opportunity | B14: =COUNTIF('2. Contact Database'!$O$5:$O$50, "Opportunity") | C14: =IF($B$5>0, B14/$B$5, 0)
A15: Client | B15: =COUNTIF('2. Contact Database'!$O$5:$O$50, "Client") | C15: =IF($B$5>0, B15/$B$5, 0)
A16: Supplier/Vendor | B16: =COUNTIF('2. Contact Database'!$O$5:$O$50, "Supplier/Vendor") | C16: =IF($B$5>0, B16/$B$5, 0)
A17: Partner | B17: =COUNTIF('2. Contact Database'!$O$5:$O$50, "Partner") | C17: =IF($B$5>0, B17/$B$5, 0)
A18: Inbound Call | B18: =COUNTIF('2. Contact Database'!$O$5:$O$50, "Inbound Call") | C18: =IF($B$5>0, B18/$B$5, 0)
A19: Junk/Unqualified | B19: =COUNTIF('2. Contact Database'!$O$5:$O$50, "Junk/Unqualified") | C19: =IF($B$5>0, B19/$B$5, 0)
A20: Total | B20: =SUM(B13:B19) | C20: =SUM(C13:C19)
